Wojewodztwo;Rok;Gestosc zaludnienia na km2;Populacja;Ilosc malzenstw;Ilosc malzenstw koscielnych;Malzenstwa kobieta <=19 lat;Malzenstwa kobieta 20-24 lat;Malzenstwa kobieta 25-29 lat;Malzenstwa kobieta 30-39 lat;Malzenstwa kobieta 40-49 lat;Malzenstwa kobieta >=50 lat;Malzenstwa mezczyzna <=19 lat;Malzenstwa mezczyzna 20-24 lat;Malzenstwa mezczyzna 25-29 lat;Malzenstwa mezczyzna 30-39 lat;Malzenstwa mezczyzna 40-49 lat;Malzenstwa mezczyzna >=50 lat;Malzenstwa kobieta pochodzi ze wsi;Malzenstwa mezczyzna pochodzi ze wsi;Ilosc rozwodow;Rozwody zainicjowane przez osoby ze wsi;Rozwody zainicjowane przez kobiety <=24 lat;Rozwody zainicjowane przez kobiety 25-29 lat;Rozwody zainicjowane przez kobiety 30-39 lat;Rozwody zainicjowane przez kobiety 40-49 lat;Rozwody zainicjowane przez kobiety >=50 lat;Rozwody zainicjowane przez mezczyzn <=24 lat;Rozwody zainicjowane przez mezczyzn 25-29 lat;Rozwody zainicjowane przez mezczyzn 30-39 lat;Rozwody zainicjowane przez mezczyzn 40-49 lat;Rozwody zainicjowane przez mezczyzn >=50 lat;srednie zarobki;Ilosc zatrudnionych kobiet;Wspolczynnik feminizacji;Dzietnosc;Zgony niemowlat na 1000 urodzonych;Rozwody przy braku dzieci;Rozwody przy 1 dziecku;Rozwody przy 2 dzieciach;Rozwody przy 3 dzieciach;Rozwody przy >=4 dzieciach;Rozwody z powodu niedochowania wiernosci;Rozwody z powodu naduzycia alkoholu;Rozwody z powodu naganndego stosuknu do czlonkow rodziny;Rozwody z powodu trudnosci mieszkaniowych;Rozwody z powodu nieporozumien na tle finansowym;Rozwody z powodu niezgodnosci charakterow;Rozwody z powodu niedoboru seksualnego;Rozwody z powodu dluzszej nieobecnosci;Rozwody z powodu roznic swiatopogladowych
DOLNOSLASKIE;2002;146;2912218;13619;8901;1243;6202;3603;1121;600;670;225;4348;5174;2094;703;847;3890;3905;5020;660;457;1005;1595;1325;638;181;804;1692;1505;838;2165,84;414722;108;1,129;9,8;1809;2060;934;178;39;719;598;270;17;159;1330;26;33;4
KUJAWSKO-POMORSKIE;2002;115;2066704;10513;7514;1115;5249;2716;756;328;349;219;3808;4106;1441;396;449;4198;4155;2788;438;266;651;864;721;286;114;524;958;813;379;1953,39;300035;107;1,287;8,5;961;1185;507;101;34;444;337;260;12;111;1028;25;10;0
LUBELSKIE;2002;87;2185654;11842;9261;1370;6125;3126;798;210;214;305;4332;4849;1584;376;315;6232;6387;2019;493;148;407;712;504;248;53;304;783;544;335;1941,01;348886;106;1,333;7,8;697;791;395;96;40;138;213;151;4;54;850;10;0;0
LUBUSKIE;2002;72;1007131;4442;2975;389;2059;1264;328;188;211;62;1404;1780;625;228;261;1503;1518;1479;305;125;309;472;410;163;39;247;527;441;225;1936,54;134453;106;1,226;7,4;520;571;306;65;17;186;108;71;5;24;395;4;0;0
LODZKIE;2002;143;2605310;12900;9516;1153;6258;3744;981;392;484;264;4469;5171;1748;503;618;4648;4786;3533;448;286;731;1205;880;431;95;589;1269;1027;553;1966,22;423136;110;1,183;8;1334;1490;577;107;25;451;402;97;17;127;910;19;5;0
MALOPOLSKIE;2002;214;3249117;16993;13644;1694;8483;4543;1285;363;336;342;5971;6929;2581;512;511;8513;8669;2492;511;184;489;840;661;318;64;376;895;721;436;2060,99;479017;106;1,34;6,8;994;960;433;81;24;312;166;190;8;67;547;24;14;0
MAZOWIECKIE;2002;144;5120420;26141;19292;2434;11887;7207;2122;803;928;433;8504;10304;4057;1175;1326;9556;9617;5855;766;459;1225;1839;1581;751;164;932;2036;1663;1060;2893,83;988217;108;1,237;6,4;2531;2213;905;156;50;572;413;139;20;103;2311;40;4;1
OPOLSKIE;2002;113;1063541;4756;3203;592;2237;1188;356;132;163;115;1637;1895;659;201;191;2064;2128;1122;249;113;223;369;306;111;43;186;414;318;161;2029,99;137660;106;1,053;5,3;394;460;208;40;20;144;119;70;5;30;512;5;9;0
PODKARPACKIE;2002;117;2087954;11097;9003;1237;5869;2866;732;176;187;261;4187;4572;1450;274;256;6468;6555;1677;469;160;349;543;438;187;83;265;586;493;250;1875,41;297543;104;1,36;6,9;548;694;308;91;36;180;152;103;2;43;519;16;30;0
PODLASKIE;2002;60;1211221;6024;4643;623;2821;1676;491;142;130;119;1995;2415;1020;229;186;2376;2668;1325;229;105;235;446;369;170;41;180;471;406;227;1958;183268;104;1,308;7,2;473;459;291;76;26;125;154;68;0;24;423;2;10;0
POMORSKIE;2002;119;2178930;11173;7973;1087;5231;3048;951;389;434;205;3680;4331;1735;459;607;3753;3711;2934;356;237;642;994;734;327;74;502;1091;819;448;2175,63;306500;105;1,348;7,9;1038;1189;555;112;40;556;340;129;17;124;684;54;2;0
SLASKIE;2002;384;4735907;22963;15678;2319;11214;6000;1758;864;888;492;8056;8862;3213;911;1242;4790;4761;5823;450;490;1146;1972;1601;614;172;964;2086;1736;865;2298,44;689193;107;1,116;9,3;2183;2347;1045;195;53;847;537;421;12;174;1357;22;22;1
SWIETOKRZYSKIE;2002;111;1299866;7137;5765;877;3821;1720;419;107;142;158;2728;2935;893;177;200;3782;3845;584;131;41;135;182;156;70;15;85;207;178;99;1977,75;203625;105;1,272;8;195;249;99;26;15;46;49;13;5;13;86;1;0;0
WARMINSKO-MAZURSKIE;2002;59;1426235;7230;5158;948;3630;1785;534;241;235;173;2625;2816;940;283;316;3110;3013;2089;407;190;407;717;545;230;76;334;739;639;301;1947,99;179463;105;1,382;5,1;697;800;438;108;46;229;167;65;1;23;578;9;30;1
WIELKOPOLSKIE;2002;112;3340568;17412;13654;1711;8718;4677;1290;479;410;374;6187;7066;2420;604;592;7588;7707;3775;779;381;892;1244;879;379;166;710;1359;1017;523;2047,58;542137;106;1,288;7;1262;1503;795;167;48;458;375;154;9;136;1571;25;7;3
ZACHODNIOPOMORSKIE;2002;74;1694044;7693;4752;707;3342;2116;706;340;415;100;2279;2953;1215;435;543;2243;2232;2811;381;195;579;879;769;389;69;431;941;863;507;2068,44;231713;105;1,237;6,7;1115;1100;480;92;24;491;275;103;7;80;752;11;9;0
DOLNOSLASKIE;2003;145;2892272;13952;9050;1045;6033;4130;1296;623;665;200;4049;5580;2248;685;928;3946;3870;5376;723;450;1160;1754;1371;641;178;893;1884;1541;880;2233,58;409405;108;1,091;8,3;1985;2224;945;184;38;697;569;251;11;139;1534;17;26;0
KUJAWSKO-POMORSKIE;2003;115;2066704;10457;7570;986;5089;2845;881;326;320;206;3499;4203;1596;400;456;4088;4148;2697;413;241;570;924;650;312;88;470;961;727;451;2000,96;296043;107;1,269;7,9;954;1114;494;106;29;433;337;251;12;116;959;16;2;0
LUBELSKIE;2003;87;2185654;11942;9278;1252;6016;3401;842;185;213;258;4241;4991;1696;355;302;6226;6417;1829;487;158;361;613;475;222;56;285;656;524;308;1995,5;345951;106;1,343;7,7;695;693;340;65;36;148;270;138;13;47;815;14;2;0
LUBUSKIE;2003;72;1007131;4562;3003;268;2106;1354;421;187;235;48;1252;1915;733;241;268;1592;1525;1552;290;132;318;549;372;181;46;277;563;425;241;1990,13;132754;106;1,193;8,2;563;607;298;70;14;191;136;106;3;34;521;7;1;1
LODZKIE;2003;143;2605310;13263;9625;993;6082;4149;1049;410;555;197;4269;5595;1913;486;704;4735;4831;3514;440;242;729;1140;936;467;89;562;1206;1032;625;2024,32;421336;110;1,152;7;1416;1419;571;93;15;397;348;90;4;119;962;12;3;2
MALOPOLSKIE;2003;214;3249117;17181;13702;1486;8315;4981;1415;346;346;267;5530;7374;2821;531;498;8679;8811;2712;563;188;541;931;712;340;79;424;964;777;468;2109,69;478631;106;1,297;5,4;1108;1073;416;86;29;314;171;136;14;73;622;20;6;1
MAZOWIECKIE;2003;144;5120420;26865;19764;2076;11935;8137;2355;793;951;392;8095;11118;4329;1193;1374;9624;9660;6356;819;454;1350;2095;1636;821;177;1007;2270;1787;1115;3005,37;945887;108;1,218;6,7;2728;2426;964;182;56;649;463;193;21;160;2469;36;8;5
OPOLSKIE;2003;112;1054129;4743;3170;463;2190;1257;373;154;166;85;1530;1916;746;198;197;2061;2155;1349;290;127;274;480;322;146;49;207;543;354;196;2087,3;136212;106;1,01;5,2;470;540;257;62;20;216;148;66;2;46;532;5;18;2
PODKARPACKIE;2003;118;2105800;11510;9208;1122;6025;3155;795;170;149;221;4175;4813;1683;282;244;6588;6675;1712;544;168;371;541;451;181;69;285;606;490;262;1950,01;294654;104;1,299;7,7;603;657;320;97;35;241;180;107;3;29;515;7;38;0
PODLASKIE;2003;60;1211221;6141;4685;599;2822;1794;511;135;124;132;1972;2523;1044;218;180;2372;2636;1567;239;147;339;468;426;187;64;264;527;457;255;2035,43;181809;105;1,243;6,3;552;598;316;78;23;159;105;90;0;34;433;3;21;0
POMORSKIE;2003;120;2197241;11282;8053;958;5131;3342;977;387;385;187;3462;4603;1811;497;562;3744;3732;3169;411;249;695;1085;776;364;88;536;1178;874;493;2257,16;305335;105;1,334;7,2;1156;1251;571;145;46;488;336;127;6;128;896;49;19;0
SLASKIE;2003;382;4711240;23456;15991;1947;11227;6739;1942;747;904;400;7612;9596;3476;929;1242;4733;4855;7167;599;612;1564;2385;1826;780;240;1203;2570;2095;1059;2380,23;667392;107;1,1;7,8;2709;2956;1227;209;66;1028;683;452;17;226;2088;48;6;2
SWIETOKRZYSKIE;2003;110;1288155;6980;5498;716;3675;1829;428;118;147;120;2535;2962;893;223;183;3746;3746;532;133;32;132;160;136;72;9;91;180;150;102;2024,41;201809;105;1,232;6,5;207;217;84;16;8;45;37;13;3;11;94;3;1;0
WARMINSKO-MAZURSKIE;2003;59;1426235;7518;5279;795;3682;2101;594;221;241;169;2497;3073;1103;276;322;3107;3035;2473;554;236;477;815;661;284;91;355;898;752;377;2003,28;179224;105;1,336;6,3;854;958;495;107;59;300;273;86;1;41;749;7;19;2
WIELKOPOLSKIE;2003;113;3370395;17846;13946;1522;8631;5226;1411;441;417;282;6040;7482;2717;585;582;7801;7895;3631;768;331;779;1252;887;382;130;645;1348;983;525;2129,03;539688;106;1,279;6,3;1260;1450;716;154;51;461;362;153;33;173;1342;20;3;0
ZACHODNIOPOMORSKIE;2003;74;1694044;7748;4753;550;3267;2333;800;374;435;81;2143;2958;1379;450;561;2274;2271;2909;396;231;608;905;771;394;82;452;991;857;527;2134,74;226494;105;1,22;7,8;1121;1182;493;86;27;455;265;100;6;89;874;4;8;1
DOLNOSLASKIE;2004;145;2892272;13703;8980;811;5833;4360;1304;547;657;135;3699;5730;2381;624;900;3967;3907;6257;985;497;1198;2222;1573;767;167;942;2368;1780;1000;2356,89;406773;108;1,124;8,1;2204;2496;1187;271;99;702;517;251;6;170;1674;25;30;2
KUJAWSKO-POMORSKIE;2004;115;2066704;10357;7523;772;4810;3124;907;275;363;124;3149;4461;1652;382;455;4035;4154;3463;612;263;754;1233;871;342;86;583;1312;970;512;2087,3;293113;107;1,256;7,4;1100;1427;697;173;66;472;433;239;13;169;1130;32;5;0
LUBELSKIE;2004;87;2185654;11947;9205;1107;5836;3672;927;203;218;214;4130;5077;1791;307;318;6279;6382;1910;577;132;403;667;499;209;54;300;718;553;285;2096,15;344500;106;1,302;7,9;664;716;382;113;35;137;298;123;8;49;927;8;0;0
LUBUSKIE;2004;72;1007131;4445;2936;241;1942;1423;399;166;223;40;1162;1865;779;216;277;1548;1470;1968;410;132;372;721;509;234;40;280;743;579;326;2067,56;134128;106;1,249;8,3;674;746;427;91;30;225;147;126;4;64;575;5;6;1
LODZKIE;2004;142;2587091;13011;9605;757;5853;4406;1097;385;498;178;3809;5850;1955;474;608;4611;4672;4446;665;277;869;1600;1140;560;132;637;1642;1260;775;2123,36;419860;110;1,18;5,5;1651;1818;805;132;40;396;400;90;8;125;1076;9;2;0
MALOPOLSKIE;2004;215;3264300;16871;13507;1241;8207;4971;1408;328;321;226;5240;7426;2843;474;498;8467;8603;3431;741;199;717;1227;874;414;86;507;1264;1017;557;2216,21;480480;106;1,283;6;1313;1281;659;121;57;387;229;141;14;97;645;22;0;1
MAZOWIECKIE;2004;145;5155978;26571;19473;1697;11106;8593;2593;816;984;270;6956;11658;4660;1190;1426;9344;9558;7189;1276;507;1458;2496;1789;939;181;1131;2556;2083;1238;3095,96;961748;108;1,241;6;2850;2798;1196;270;75;664;564;232;19;148;2727;39;1;4
OPOLSKIE;2004;112;1054129;4618;3093;391;2081;1357;393;130;146;78;1399;1917;788;166;204;1950;2050;1538;406;113;335;526;390;174;42;266;539;442;249;2183,74;134765;106;1,012;4,3;541;629;266;68;34;248;208;76;1;40;659;3;2;0
PODKARPACKIE;2004;118;2105800;11177;8837;969;5811;3231;846;161;149;183;3862;4840;1688;245;251;6532;6568;2218;733;175;435;800;585;223;72;326;807;690;323;2018,59;293100;104;1,286;7,2;664;871;464;149;70;246;189;152;3;30;590;10;60;2
PODLASKIE;2004;60;1211221;6128;4682;520;2828;1902;552;128;112;103;1904;2612;1057;216;163;2393;2539;1912;324;141;342;652;553;224;56;288;631;642;295;2107,5;179416;105;1,22;7,1;590;745;432;112;33;170;239;99;2;23;485;10;23;0
POMORSKIE;2004;120;2197241;10953;7841;755;4827;3441;1144;336;407;112;3113;4588;1978;475;555;3653;3557;3106;460;227;664;1095;751;369;75;529;1122;877;503;2374,71;304276;106;1,34;6,6;1111;1223;585;136;51;498;322;107;13;138;778;36;20;3
SLASKIE;2004;381;4698907;23631;16185;1630;10925;7524;2036;719;855;347;7086;10169;3721;931;1134;4974;5087;8079;811;596;1742;2890;2004;847;247;1218;3134;2306;1174;2488,62;664185;107;1,119;7,9;2871;3383;1446;306;73;1086;642;578;14;245;2350;45;0;0
SWIETOKRZYSKIE;2004;110;1288155;6865;5414;617;3456;2071;469;109;124;120;2190;3116;1019;175;188;3724;3682;227;68;20;44;78;61;24;5;40;76;74;32;2117,74;199663;105;1,197;5,5;84;87;38;17;1;9;16;8;1;6;82;0;0;0
WARMINSKO-MAZURSKIE;2004;59;1426235;7175;5077;642;3435;2200;580;211;223;109;2224;3006;1206;264;286;2970;2934;2667;636;234;531;941;678;283;92;412;982;781;400;2050,21;180160;105;1,326;4,5;822;1024;579;171;71;229;261;78;3;50;1079;9;11;0
WIELKOPOLSKIE;2004;113;3370395;16970;13197;1234;7989;5439;1385;410;401;244;5242;7447;2704;575;583;7378;7559;4321;1040;338;878;1558;1110;437;137;680;1643;1204;657;2204,31;543419;106;1,268;7,1;1382;1717;926;219;77;586;426;179;30;147;1582;34;12;0
ZACHODNIOPOMORSKIE;2004;74;1694044;7402;4635;440;3045;2423;816;337;403;63;1827;3004;1390;411;535;2233;2181;3510;544;179;711;1238;939;443;67;471;1319;1061;592;2221,63;226187;106;1,229;7,8;1205;1427;696;140;42;559;362;117;6;86;1112;13;14;0
DOLNOSLASKIE;2005;145;2892272;15120;9488;809;5952;5156;1779;555;649;136;3671;6476;3069;695;836;4190;4221;7368;1213;471;1381;2703;1877;936;162;999;2756;2206;1245;2477,56;411884;108;1,148;6,9;2459;2936;1491;333;149;738;610;294;15;183;1892;14;32;2
KUJAWSKO-POMORSKIE;2005;115;2066704;11650;8105;749;5165;3805;1170;329;376;125;3321;5010;2139;439;486;4663;4706;4274;884;261;851;1694;1053;415;97;605;1684;1299;589;2153,46;297159;107;1,271;6,6;1255;1734;921;242;122;598;478;234;6;152;1436;19;5;0
LUBELSKIE;2005;87;2185654;12994;9767;1104;6025;4155;1197;223;266;212;4063;5681;2143;401;362;6809;6922;2828;970;170;570;961;803;324;66;396;986;941;439;2180,18;347117;106;1,329;7,3;807;1173;606;176;66;33;47;258;0;10;1739;2;1;0
LUBUSKIE;2005;72;1007131;4920;3130;261;2100;1722;542;163;202;43;1212;2154;984;204;250;1703;1695;2567;562;129;491;929;696;322;27;326;990;817;407;2144,35;137797;106;1,243;6,2;784;1010;579;133;61;310;336;152;2;61;859;7;11;0
LODZKIE;2005;141;2568872;13344;9591;710;5797;4823;1285;366;461;142;3595;6081;2316;499;593;4992;4998;5094;834;283;942;1932;1352;585;102;661;1953;1547;831;2188,15;426558;110;1,181;6,1;1737;2108;958;212;79;515;548;133;15;174;1277;11;3;1
MALOPOLSKIE;2005;215;3264300;18065;14073;1219;8301;5854;1745;336;338;197;5268;8044;3340;539;506;9049;9162;4676;1124;244;889;1781;1233;529;88;597;1825;1387;779;2303,42;487669;106;1,286;5,8;1591;1823;943;245;74;534;451;248;21;115;979;36;0;0
MAZOWIECKIE;2005;145;5155978;27727;20280;1583;11190;9550;3092;726;967;247;6910;12159;5521;1171;1355;9895;9978;8514;1718;484;1622;3195;2151;1062;169;1157;3224;2516;1448;3227,04;988293;109;1,261;6;3121;3308;1551;392;142;649;656;293;12;133;3505;32;1;2
OPOLSKIE;2005;111;1044718;4969;3169;377;2182;1566;432;168;152;64;1435;2110;883;203;210;2212;2255;1848;486;142;367;671;473;195;35;279;714;541;279;2249,89;136379;107;1,044;4,9;577;707;393;114;57;260;274;78;3;51;662;3;9;2
PODKARPACKIE;2005;118;2105800;11782;9183;978;5848;3632;1012;157;146;175;3744;5329;1970;262;222;6906;6985;2686;995;189;468;983;781;265;58;376;953;905;394;2081,76;295779;104;1,271;7,3;736;1057;607;196;90;265;195;166;5;36;628;9;46;3
PODLASKIE;2005;59;1191034;6498;4895;503;2916;2108;652;152;130;90;1950;2810;1191;225;186;2532;2730;2178;401;158;383;758;636;243;63;324;744;695;352;2192,77;180061;105;1,245;5,6;671;795;501;159;52;146;220;93;1;38;594;1;22;0
POMORSKIE;2005;120;2197241;12081;8356;733;5105;3944;1389;388;409;119;3224;5038;2445;520;598;4081;4106;4027;674;250;833;1498;1018;428;88;581;1556;1169;633;2511,25;309522;106;1,359;6;1360;1552;806;206;103;555;349;142;9;154;876;29;9;0
SLASKIE;2005;380;4686574;25411;16918;1554;11135;8456;2588;818;913;280;7164;11019;4453;1040;1234;5235;5255;9168;1062;624;1814;3495;2313;922;202;1344;3606;2705;1311;2587,07;671234;107;1,13;7,4;3044;3774;1824;399;127;1191;890;499;15;295;2603;26;33;0
SWIETOKRZYSKIE;2005;110;1288155;7154;5577;535;3558;2313;559;126;156;71;2214;3286;1145;187;195;3940;3851;893;270;61;160;334;257;81;25;116;323;294;135;2173,15;202928;105;1,209;5,9;245;368;207;44;29;28;60;29;0;8;138;0;0;0
WARMINSKO-MAZURSKIE;2005;59;1426235;7810;5354;606;3481;2542;762;207;240;89;2321;3293;1398;309;325;3237;3144;3057;824;203;556;1107;867;324;64;400;1099;1011;483;2103,99;184933;105;1,335;6,4;834;1192;710;205;116;329;348;134;0;63;1116;7;38;0
WIELKOPOLSKIE;2005;113;3370395;18950;14234;1167;8359;6546;1857;439;439;199;5359;8488;3445;626;637;8213;8286;4601;1116;297;888;1738;1179;499;98;650;1742;1417;694;2263,6;548726;106;1,316;5,9;1387;1831;996;271;116;544;503;217;10;138;1642;29;2;0
ZACHODNIOPOMORSKIE;2005;74;1694044;8441;5147;437;3226;3007;1022;360;409;45;1904;3473;1863;462;534;2570;2483;3678;713;217;656;1371;1003;431;73;457;1376;1142;630;2307,99;230695;106;1,232;7,1;1200;1538;700;161;79;374;274;97;7;62;929;13;25;2
DOLNOSLASKIE;2006;145;2892272;16520;10185;825;6081;5965;2083;651;676;125;3701;7044;3656;835;955;4719;4644;7358;1174;419;1407;2705;1753;1074;129;970;2819;2018;1422;2617,16;422592;108;1,179;6,9;2822;2916;1287;244;89;751;555;251;9;162;2197;21;25;2
KUJAWSKO-POMORSKIE;2006;115;2066704;12754;8846;767;5528;4268;1372;339;417;102;3415;5541;2555;488;530;5115;5135;4295;794;239;792;1708;1054;502;89;542;1706;1248;710;2268,87;304702;107;1,308;5,7;1471;1700;840;201;83;540;401;225;4;127;1496;20;5;0
LUBELSKIE;2006;86;2160532;13534;10038;1096;6206;4593;1337;234;225;184;4114;5948;2477;359;327;7235;7220;1917;690;114;321;718;520;244;44;225;706;580;362;2290,6;350932;106;1,33;6,4;606;750;410;109;42;59;48;196;1;12;965;1;1;0
LUBUSKIE;2006;72;1007131;5867;3721;252;2378;2103;771;179;226;24;1331;2590;1284;276;270;2101;2133;2420;503;113;432;855;671;349;38;267;910;754;451;2235,01;143711;106;1,299;6,5;899;924;437;120;40;320;234;113;7;69;943;11;5;0
LODZKIE;2006;141;2568872;14468;10152;719;5818;5280;1699;414;496;119;3616;6465;2905;562;665;5274;5328;5411;884;338;985;1981;1339;768;120;732;2017;1522;1020;2287,9;434684;110;1,219;5,5;2062;2210;917;163;59;545;558;121;6;150;1411;20;0;0
MALOPOLSKIE;2006;215;3264300;19543;14920;1210;8719;6432;2154;414;418;193;5336;8705;3861;656;626;9836;9990;4993;1225;301;965;1820;1249;658;94;714;1868;1419;898;2443,91;497253;106;1,279;5,4;1855;1990;880;201;67;527;351;211;12;118;1186;21;1;0
MAZOWIECKIE;2006;145;5155978;29819;21085;1578;11389;10541;3890;793;937;262;6879;13146;6434;1215;1488;10512;10784;9755;1777;583;1881;3571;2341;1379;219;1291;3730;2707;1808;3381,13;1005581;109;1,314;5;3979;3720;1607;322;127;788;679;283;16;173;4039;36;3;0
OPOLSKIE;2006;111;1044718;5598;3398;415;2336;1801;594;171;175;55;1504;2293;1205;255;213;2443;2532;2091;559;172;374;794;521;230;58;305;800;594;334;2367,74;138463;107;1,039;5,4;730;817;395;105;44;286;294;60;2;62;842;6;8;1
PODKARPACKIE;2006;118;2105800;12678;9637;947;6225;3953;1136;200;170;145;4027;5569;2222;337;267;7490;7472;2301;773;170;473;794;579;285;65;340;863;641;392;2179,57;301857;105;1,243;7;816;883;444;117;41;273;210;129;4;34;695;6;63;0
PODLASKIE;2006;59;1191034;6869;5156;503;3008;2310;743;152;154;86;1935;2986;1341;254;212;2721;2879;1853;328;140;360;619;469;265;65;257;659;512;360;2307,59;182326;105;1,244;6,2;694;691;357;86;25;141;232;84;2;33;586;2;14;0
POMORSKIE;2006;120;2197241;13941;9383;797;5670;4506;1807;485;457;138;3546;5760;3036;650;658;4835;4821;4371;766;244;845;1631;1069;582;86;576;1664;1276;769;2650,2;318969;106;1,394;5,5;1622;1663;830;192;64;618;402;189;14;135;1166;42;4;0
SLASKIE;2006;379;4674241;27847;17862;1560;11521;9693;3206;896;1024;276;7163;12127;5403;1208;1430;5694;5645;10718;1161;671;2118;4014;2680;1235;235;1495;4207;3092;1689;2729,63;687332;107;1,173;7,3;4107;4418;1746;344;103;1342;969;623;14;373;3083;52;105;5
SWIETOKRZYSKIE;2006;109;1276445;7858;5979;523;3695;2505;752;142;169;88;2301;3585;1374;231;216;4169;4193;870;273;71;164;306;214;115;25;129;305;256;155;2263,6;205469;105;1,191;5;311;319;188;38;14;61;77;26;3;12;252;3;2;1
WARMINSKO-MAZURSKIE;2006;59;1426235;8401;5773;575;3814;2802;904;249;252;71;2270;3615;1685;365;319;3546;3445;3480;850;238;629;1240;910;463;85;457;1242;1092;604;2218,32;188782;105;1,358;5;1183;1292;723;196;86;387;463;126;5;79;1394;4;45;2
WIELKOPOLSKIE;2006;113;3370395;20706;15221;1221;8860;7375;2278;516;485;200;5518;9242;4158;730;671;9190;9160;5244;1276;338;1051;2028;1200;627;133;757;2069;1435;850;2389;561133;106;1,344;6,1;1855;2049;1048;198;94;651;425;216;14;159;1953;35;7;0
ZACHODNIOPOMORSKIE;2006;74;1694044;9778;5875;459;3548;3441;1446;452;446;47;1952;3970;2432;564;649;3100;3092;4645;774;238;839;1697;1207;664;71;569;1698;1377;930;2406,98;237639;106;1,251;6,6;1765;1821;815;177;67;525;407;98;3;122;1116;14;36;0
DOLNOSLASKIE;2007;144;2872325;18582;11316;851;6426;6818;2756;709;792;100;3779;7849;4575;902;1126;5423;5482;6681;1062;369;1330;2524;1481;977;136;848;2719;1696;1282;2860,66;445353;109;1,222;6,9;2601;2663;1150;203;64;661;445;187;9;127;1665;21;175;27
KUJAWSKO-POMORSKIE;2007;115;2066704;14126;9707;795;6050;4704;1684;430;410;130;3667;6027;3032;578;562;5715;5844;3978;800;242;749;1547;935;505;99;515;1589;1131;644;2443,17;316399;107;1,348;6,1;1502;1534;756;136;50;455;377;133;8;85;978;14;80;15
LUBELSKIE;2007;86;2160532;14884;11089;1106;6464;5064;1586;291;288;239;4100;6643;2922;428;405;7869;8042;2319;727;184;463;834;517;321;70;339;917;564;429;2486,22;355928;106;1,343;6,1;889;921;373;109;27;122;86;41;2;7;646;5;48;3
LUBUSKIE;2007;72;1007131;6643;4158;301;2533;2393;982;256;266;31;1444;2787;1613;321;358;2415;2360;2122;487;111;390;769;531;321;36;224;848;594;420;2429,97;147882;106;1,333;6;835;784;392;88;23;284;206;97;4;35;708;5;49;1
LODZKIE;2007;140;2550653;15356;10868;685;5940;5848;2010;431;510;129;3566;6951;3260;631;665;5568;5498;4901;795;270;888;1905;1141;697;101;621;1942;1307;930;2470,86;449767;110;1,243;4,8;2008;1918;822;126;27;458;417;66;3;109;1278;17;72;16
MALOPOLSKIE;2007;216;3279483;21422;16410;1262;9296;7415;2481;438;411;213;5759;9473;4479;738;571;11069;11085;4149;1097;251;774;1611;958;555;99;547;1651;1121;731;2666,24;509951;106;1,322;6,4;1602;1709;676;135;27;402;213;74;6;77;911;13;81;18
MAZOWIECKIE;2007;146;5191537;32645;23139;1564;12076;11765;4574;917;1006;287;7209;14232;7469;1413;1601;11814;11972;9064;1565;488;1735;3506;2021;1314;167;1183;3663;2319;1732;3670,84;1053190;109;1,359;4,9;3759;3506;1472;266;61;744;557;175;9;133;3293;37;169;48
OPOLSKIE;2007;110;1035306;5856;3693;380;2382;1971;699;193;176;50;1412;2474;1343;276;233;2645;2617;1870;480;133;332;682;477;246;51;215;731;545;328;2607,45;141655;107;1,042;4,4;709;717;332;87;25;348;180;35;5;27;430;5;62;6
PODKARPACKIE;2007;118;2105800;13766;10508;917;6527;4531;1338;201;196;173;4001;6291;2545;339;284;7939;7974;2214;718;184;456;787;501;286;73;324;858;562;397;2372,82;309373;105;1,275;6;831;866;390;102;25;211;153;95;2;21;429;5;116;3
PODLASKIE;2007;59;1191034;7375;5482;502;3177;2579;793;174;143;71;1990;3277;1500;239;219;2908;3078;2045;372;186;362;733;506;258;71;293;775;556;350;2524,95;188133;105;1,253;5;718;786;423;88;30;211;220;89;0;31;560;4;88;6
POMORSKIE;2007;121;2215551;15499;10386;864;6130;5208;2108;527;549;148;3773;6253;3615;769;757;5510;5487;4499;760;243;791;1821;1030;614;72;567;1844;1184;832;2882,56;330349;106;1,455;6,4;1844;1696;777;135;47;670;428;176;11;136;1182;35;167;43
SLASKIE;2007;377;4649575;30022;19302;1530;11822;10794;3895;1040;1077;305;7069;13065;6410;1390;1504;6113;6067;9531;1124;638;1857;3669;2184;1183;219;1379;3793;2522;1618;2933,32;708050;107;1,211;6,7;3671;3873;1613;303;71;1123;684;331;13;195;2024;30;212;40
SWIETOKRZYSKIE;2007;109;1276445;8500;6350;583;3805;2860;919;155;172;102;2231;3874;1730;272;217;4548;4496;1126;367;94;224;389;266;153;39;146;436;290;215;2467,07;209139;105;1,254;5;469;427;185;35;10;80;57;46;0;5;351;2;40;0
WARMINSKO-MAZURSKIE;2007;59;1426235;9534;6350;612;3980;3369;1149;297;285;90;2413;4121;2058;384;382;3988;3915;3029;732;227;565;1080;728;429;75;404;1103;877;570;2398;194978;105;1,398;5,4;1076;1166;586;143;58;284;369;67;3;50;868;10;86;6
WIELKOPOLSKIE;2007;114;3400221;23599;17395;1263;9588;8565;2910;602;554;222;5901;10443;5125;910;778;10380;10516;4947;1234;351;987;2022;1073;514;132;724;2086;1261;744;2610,82;587551;106;1,393;6,7;1645;2027;1012;180;83;584;381;142;10;110;1814;22;114;21
ZACHODNIOPOMORSKIE;2007;74;1694044;10893;6488;446;3784;3921;1726;472;486;65;2131;4344;2892;636;684;3495;3497;3703;648;183;624;1438;876;582;49;378;1481;1019;776;2615,83;243159;106;1,301;7,4;1390;1457;682;132;42;428;254;107;6;59;825;12;78;12
DOLNOSLASKIE;2008;144;2872325;19087;11712;771;6370;7055;3068;751;789;111;3542;8001;5031;1024;1099;5644;5718;6250;2494;367;1136;2445;1393;909;125;806;2494;1671;1154;3135,83;464274;109;1,316;7,4;1136;2445;1393;909;125;570;433;164;13;129;1475;9;197;14
KUJAWSKO-POMORSKIE;2008;115;2066704;14693;9939;806;5742;5195;1977;445;435;141;3559;6276;3303;646;617;5927;6066;3606;1467;216;668;1417;814;491;84;444;1467;952;659;2691,69;321676;107;1,433;5,8;668;1417;814;491;84;478;350;102;11;78;568;9;64;6
LUBELSKIE;2008;86;2160532;14812;11090;1118;6169;5336;1689;255;269;230;3961;6687;2996;413;388;7829;7861;1939;792;158;405;727;392;257;68;287;792;454;338;2771,99;359650;106;1,412;6,4;405;727;392;257;68;169;155;88;3;31;603;7;85;9
LUBUSKIE;2008;72;1007131;6982;4445;285;2462;2656;1117;235;245;37;1401;2963;1817;323;323;2512;2483;2232;842;93;383;854;543;359;46;238;842;632;474;2653,55;148822;106;1,4;5,4;383;854;543;359;46;279;201;95;3;28;792;0;58;3
LODZKIE;2008;140;2550653;16287;11390;739;5875;6450;2416;462;524;143;3504;7347;3779;644;706;5972;5849;4298;1734;227;888;1664;946;573;83;605;1734;1118;758;2740,58;455114;110;1,331;5,3;888;1664;946;573;83;403;293;57;1;62;1309;13;53;13
MALOPOLSKIE;2008;217;3294665;22041;16814;1221;9120;7838;2616;485;403;191;5529;9850;4879;731;623;11347;11461;4362;1718;252;864;1678;951;617;105;568;1718;1171;800;2903,63;523378;106;1,417;4,9;864;1678;951;617;105;497;296;97;7;85;1106;14;143;25
MAZOWIECKIE;2008;146;5191537;33975;24152;1589;12247;12602;4910;905;1123;303;7195;14958;8080;1356;1618;12475;12604;9165;3664;529;1674;3618;1950;1394;184;1176;3664;2275;1866;4036,26;1067544;109;1,434;4,9;1674;3618;1950;1394;184;810;584;148;9;103;3139;24;207;75
OPOLSKIE;2008;110;1035306;6220;3953;381;2405;2093;799;205;204;43;1461;2678;1400;289;268;2774;2888;1694;665;103;286;637;434;234;36;195;665;473;325;2873,22;144865;107;1,132;5,9;286;637;434;234;36;297;150;27;1;16;334;5;47;4
PODKARPACKIE;2008;118;2105800;13878;10728;986;6333;4842;1487;226;172;171;3827;6338;2778;373;250;8214;8177;2290;858;199;483;810;495;303;72;373;858;589;398;2614,12;314286;105;1,341;5,4;483;810;495;303;72;225;137;48;2;16;338;7;109;5
PODLASKIE;2008;59;1191034;7842;5730;458;3230;2838;949;162;174;107;2025;3434;1693;282;235;3076;3280;1837;681;145;346;647;441;258;58;268;681;499;331;2781,21;191604;105;1,327;5,3;346;647;441;258;58;186;176;78;0;15;462;2;104;5
POMORSKIE;2008;121;2215551;15999;10675;900;6168;5410;2334;549;505;139;3792;6497;3806;806;732;5782;5718;4096;1635;216;696;1626;965;593;69;499;1635;1120;773;3167,7;336645;106;1,558;5,5;696;1626;965;593;69;581;279;115;3;90;1049;28;144;39
SLASKIE;2008;377;4649575;31109;19890;1591;11508;11421;4466;1121;1088;268;7039;13485;6933;1506;1563;6501;6489;9711;3932;615;1885;3749;2189;1273;257;1290;3932;2522;1710;3239,09;717700;107;1,298;6,8;1885;3749;2189;1273;257;1038;601;263;12;157;1673;21;228;22
SWIETOKRZYSKIE;2008;109;1276445;8575;6478;539;3697;3129;930;172;175;73;2153;3994;1744;267;260;4725;4545;1259;498;83;256;465;280;175;28;161;498;336;236;2745,39;214064;105;1,331;4,7;256;465;280;175;28;113;80;42;0;7;333;1;43;0
WARMINSKO-MAZURSKIE;2008;59;1426235;10009;6625;643;3984;3622;1311;321;285;105;2408;4257;2324;408;402;4211;4266;2805;1045;210;503;1010;676;406;71;365;1045;789;535;2615,33;197379;105;1,457;5,1;503;1010;676;406;71;347;300;66;1;44;724;5;109;6
WIELKOPOLSKIE;2008;114;3400221;24656;17852;1301;9688;9152;3338;651;586;244;5885;10886;5584;984;838;11045;10965;5677;2382;384;1093;2311;1219;670;132;768;2382;1479;916;2868,81;593382;106;1,488;5,6;1093;2311;1219;670;132;662;420;163;3;117;2057;18;171;37
ZACHODNIOPOMORSKIE;2008;74;1694044;11579;6981;475;3732;4258;1955;506;534;64;2154;4646;3134;695;725;3754;3728;3784;1423;192;652;1411;895;634;63;408;1423;1045;845;2881;248710;106;1,381;5,1;652;1411;895;634;63;525;237;97;7;58;747;10;82;13
DOLNOSLASKIE;2009;144;2872325;18024;10803;632;5564;6977;3119;667;810;104;2993;7740;4905;938;1067;5206;5103;6527;1091;367;1110;2502;1413;1135;121;769;2499;1699;1439;3295,44;454927;109;1,316;6,5;2795;2490;1022;173;47;609;355;110;12;119;1625;21;175;28
KUJAWSKO-POMORSKIE;2009;115;2066704;14070;9376;694;5102;5276;2062;486;444;95;3100;6181;3272;618;635;5512;5629;3896;928;249;688;1572;889;498;84;469;1625;1034;684;2810,97;312893;107;1,419;6,4;1437;1548;724;139;48;450;225;89;0;64;510;7;36;4
LUBELSKIE;2009;86;2160532;14590;10952;863;5743;5666;1843;262;288;142;3548;6790;3138;453;375;7581;7585;2814;926;212;552;1037;630;383;90;399;1078;744;503;2891,3;357255;107;1,405;4,9;1091;1123;463;100;37;355;227;91;3;56;773;7;83;20
LUBUSKIE;2009;72;1007131;6621;4136;215;2224;2590;1124;233;269;22;1201;2819;1810;329;346;2404;2307;1968;430;99;323;757;471;318;30;207;745;554;432;2802,77;146066;106;1,419;6,3;755;744;372;76;21;246;141;63;0;30;693;3;49;4
LODZKIE;2009;140;2550653;15820;10966;618;5421;6426;2416;485;508;111;3089;7329;3814;617;688;5727;5728;4929;875;232;869;1993;1080;755;88;598;1995;1287;961;2884,6;443705;110;1,363;5,4;2013;1909;848;114;45;419;388;100;9;93;1296;17;80;29
MALOPOLSKIE;2009;217;3294665;21801;16381;1053;8628;7948;2934;477;424;170;5167;9824;4970;781;645;11161;11263;4095;979;228;754;1575;942;596;94;495;1680;1007;819;3057,71;529249;106;1,426;5;1695;1599;652;117;32;362;256;53;14;68;927;14;118;20
MAZOWIECKIE;2009;147;5227095;33328;23394;1342;11049;12851;5240;965;1127;226;6361;14859;8359;1427;1632;12131;12312;9003;1779;462;1527;3615;2001;1398;163;1042;3597;2376;1825;4179,63;1074590;109;1,454;4,9;3874;3343;1484;239;63;654;494;138;7;137;2465;27;150;61
OPOLSKIE;2009;110;1035306;6154;3900;331;2292;2171;840;207;194;53;1350;2616;1519;272;271;2739;2799;1762;506;111;285;658;456;252;36;197;666;523;340;2987,87;140679;107;1,147;5;716;627;331;72;16;171;108;33;0;17;480;7;46;3
PODKARPACKIE;2009;118;2105800;13971;10808;848;6019;5226;1658;223;215;146;3518;6575;2902;382;281;8222;8140;2273;784;184;456;823;488;322;70;334;897;565;407;2740,89;308056;105;1,34;5,5;884;849;427;85;28;185;98;59;0;19;423;6;126;7
PODLASKIE;2009;59;1191034;7557;5563;386;3018;2844;983;161;155;87;1834;3427;1643;266;225;2799;2963;2040;409;170;381;713;501;275;85;274;749;563;369;2884,68;189429;105;1,346;4,7;769;828;338;84;21;163;162;42;3;36;521;2;131;3
POMORSKIE;2009;122;2233861;15335;10102;700;5605;5369;2385;485;501;91;3394;6420;3776;716;691;5214;5193;4145;775;189;690;1695;959;612;73;450;1681;1160;781;3320,06;339209;106;1,548;5;1601;1576;775;141;52;616;197;109;0;58;659;11;83;7
SLASKIE;2009;376;4637242;31209;20134;1428;11139;11906;4577;1114;1127;244;6566;13804;7209;1417;1598;6680;6519;8661;1019;537;1534;3402;2013;1175;206;1060;3423;2402;1570;3405,18;707416;107;1,326;7,2;3511;3501;1371;215;63;1141;568;119;6;111;2182;35;182;11
SWIETOKRZYSKIE;2009;108;1264734;8287;6244;443;3381;3245;990;165;139;73;1881;3966;1809;260;209;4397;4344;1041;314;68;185;411;201;176;28;137;394;262;220;2868,09;207357;105;1,328;4,2;419;407;180;33;2;88;45;31;1;8;319;3;31;1
WARMINSKO-MAZURSKIE;2009;59;1426235;9427;6063;500;3543;3677;1359;298;253;83;2075;4172;2219;419;377;3781;3768;2840;664;190;486;1068;678;418;69;340;1066;810;555;2752,41;192505;105;1,474;5;1048;1065;560;110;57;418;345;38;0;47;706;5;74;6
WIELKOPOLSKIE;2009;114;3400221;23552;16917;1056;8716;9163;3428;629;572;176;5060;10689;5662;912;802;10440;10334;5057;1332;327;948;2045;1109;628;110;689;2103;1298;857;2976,28;588536;106;1,481;5,4;1872;2014;939;187;45;505;314;84;7;104;1755;9;107;24
ZACHODNIOPOMORSKIE;2009;74;1694044;11048;6295;369;3346;4273;2006;507;520;36;1818;4537;3114;656;730;3425;3450;3804;646;171;589;1518;902;624;64;372;1445;1089;834;3021,51;241328;106;1,36;6,7;1583;1417;667;100;37;560;312;96;5;144;1036;16;119;19
DOLNOSLASKIE;2010;146;2912218;16390;9665;522;4693;6540;2979;626;787;56;2523;6950;4662;889;1049;4874;4757;5797;1015;306;992;2288;1278;933;126;638;2253;1564;1216;3412,37;465376;108;1,288;6,1;2401;2221;976;164;35;601;271;71;11;88;1524;18;132;16
KUJAWSKO-POMORSKIE;2010;117;2102647;12447;8275;471;4288;4809;1925;452;377;62;2502;5494;3132;570;535;5026;4984;4000;1084;235;702;1565;921;577;87;455;1618;1042;798;2910,82;311912;106;1,388;5,8;1541;1564;713;143;39;419;188;80;0;62;504;8;58;24
LUBELSKIE;2010;87;2185654;13302;9872;707;5074;5252;1813;262;259;113;3019;6180;3059;444;357;7124;7087;2483;837;216;462;920;539;346;79;345;966;628;465;3099,6;384696;106;1,367;4,7;944;999;433;87;20;145;94;20;3;14;437;2;45;3
LUBUSKIE;2010;73;1021119;5926;3549;164;1840;2440;1042;252;219;21;940;2588;1690;290;302;2124;2037;1937;444;105;310;698;463;361;28;213;712;506;478;2920,43;151377;105;1,352;5,4;791;696;382;52;16;217;113;49;6;40;610;14;56;2
LODZKIE;2010;140;2550653;14513;10013;472;4799;6077;2331;450;489;83;2617;6904;3538;587;654;5408;5349;4267;775;222;713;1698;978;656;85;496;1727;1101;858;3066,02;449423;110;1,353;4;1765;1622;762;93;25;323;304;74;18;81;1091;9;75;34
MALOPOLSKIE;2010;220;3340214;20381;15275;884;7963;7538;2841;455;377;144;4490;9286;4914;697;606;10656;10780;3621;1102;229;623;1418;819;532;77;464;1390;987;703;3169,9;588022;106;1,396;4,5;1523;1385;578;108;27;280;212;35;3;34;1049;10;112;5
MAZOWIECKIE;2010;148;5262654;30488;21252;1073;9693;12032;5200;897;963;161;5422;13574;8113;1365;1403;11470;11249;8314;1560;448;1405;3323;1816;1322;144;914;3422;2067;1767;4279,55;1069648;109;1,453;4,5;3597;3081;1395;189;52;530;378;131;10;132;2628;24;155;59
OPOLSKIE;2010;108;1016482;5693;3591;242;2075;2088;801;162;193;26;1107;2565;1396;269;250;2671;2723;1516;469;105;255;545;353;258;42;175;571;408;320;3137,29;142800;107;1,155;5,2;598;568;286;57;7;141;79;22;0;21;259;2;36;2
PODKARPACKIE;2010;119;2123645;13213;10214;699;5560;5109;1610;224;174;101;3132;6372;2825;397;241;7806;7571;2087;744;175;382;796;424;310;61;304;788;539;395;2877,43;370960;104;1,314;5,2;781;819;387;75;25;183;99;49;1;15;403;2;104;5
PODLASKIE;2010;60;1211221;7003;5114;352;2616;2883;930;161;160;56;1439;3360;1609;260;206;2650;2669;1937;402;163;354;679;439;302;72;267;716;485;397;3019,83;187357;105;1,309;4,5;775;684;381;78;19;174;201;37;4;31;494;4;109;1
POMORSKIE;2010;124;2270482;13604;8914;579;4673;4949;2340;482;465;90;2810;5648;3448;746;674;4887;4836;3661;645;207;586;1434;842;592;75;386;1463;966;771;3383,58;344404;105;1,49;4,5;1496;1342;677;118;28;664;170;131;1;53;441;8;57;10
SLASKIE;2010;376;4637242;28462;18447;992;9801;11157;4519;983;1028;163;5455;12742;7022;1317;1435;6382;6327;8522;1101;517;1508;3307;1981;1209;200;1048;3364;2320;1590;3528,19;728562;107;1,341;5,7;3494;3425;1337;211;55;944;469;117;8;113;2627;29;132;23
SWIETOKRZYSKIE;2010;110;1288155;7833;5806;413;3074;3068;960;139;153;56;1601;3834;1849;229;201;4263;4137;1536;519;90;285;547;348;266;29;191;587;393;336;2971,58;215511;105;1,306;6,3;663;588;245;29;11;88;96;34;2;16;493;5;68;4
WARMINSKO-MAZURSKIE;2010;60;1450408;8370;5338;372;2972;3347;1386;265;263;49;1630;3700;2167;375;351;3524;3401;2899;728;203;511;1086;660;439;86;345;1089;782;597;2879,97;197734;104;1,387;4,8;1068;1111;555;124;41;359;311;50;3;64;725;8;90;6
WIELKOPOLSKIE;2010;116;3459874;21191;14924;794;7692;8364;3328;574;519;110;4383;9647;5259;836;723;9668;9492;4926;1371;315;924;2017;1049;621;109;653;2070;1253;841;3126,36;599646;106;1,478;4,4;1865;1904;947;168;42;517;374;95;9;115;1768;19;104;27
ZACHODNIOPOMORSKIE;2010;75;1716936;9521;5260;255;2707;3708;1858;416;448;23;1417;3805;2906;570;666;3007;3021;3314;627;138;516;1282;815;563;54;337;1192;957;774;3120,15;242124;105;1,308;5,2;1433;1205;557;97;22;396;248;66;2;72;983;13;103;8
DOLNOSLASKIE;2011;146;2912218;15106;8227;410;4064;6000;3036;632;733;57;2125;6168;4654;872;964;4556;4501;5942;1069;308;1008;2315;1316;995;107;718;2273;1585;1259;3587,25;472910;108;1,21;5,6;2543;2212;1001;145;41;513;290;50;20;91;1199;26;131;12
KUJAWSKO-POMORSKIE;2011;117;2102647;11299;7040;367;3880;4272;1976;460;393;68;2153;4858;3008;543;532;4657;4652;4029;1076;252;719;1569;942;547;86;496;1591;1125;731;3062,32;312451;106;1,297;6;1489;1571;764;146;59;403;175;68;2;63;504;5;23;2
LUBELSKIE;2011;86;2160532;12150;8693;601;4530;4819;1728;251;236;101;2584;5753;2854;398;319;6597;6509;2806;1004;228;524;1042;613;399;68;415;1097;704;522;3257,14;388168;106;1,297;4,4;1211;1094;402;81;18;153;103;16;0;18;518;4;40;10
LUBUSKIE;2011;73;1021119;5203;2890;123;1481;2128;1039;243;260;17;730;2198;1528;306;356;1936;1894;2103;479;100;317;818;492;376;37;231;749;598;488;3073,95;152187;105;1,298;5,6;926;749;349;62;17;253;131;48;8;57;563;31;61;5
LODZKIE;2011;139;2532434;12640;8427;330;3935;5394;2122;442;476;52;2069;5733;3410;589;638;4778;4713;4055;873;221;668;1582;951;633;77;468;1573;1086;851;3245,97;445597;110;1,279;4,5;1729;1540;672;89;25;332;277;94;18;81;1119;13;68;27
MALOPOLSKIE;2011;220;3340214;18484;13529;725;6953;6900;2791;460;404;100;3894;8432;4553;673;617;9880;9834;4941;1441;255;839;1897;1163;787;89;566;1885;1400;1001;3332,98;596473;106;1,332;4,3;2116;1866;781;145;33;369;329;69;9;89;1909;16;149;11
MAZOWIECKIE;2011;149;5298212;27506;18199;886;8353;10771;5036;844;1003;154;4641;12031;7565;1274;1433;10229;10262;8712;1738;437;1375;3535;1922;1443;162;892;3507;2265;1886;4504,66;1091416;109;1,366;3,4;3887;3164;1380;230;51;612;431;124;14;86;2760;21;160;65
OPOLSKIE;2011;108;1016482;5210;3193;198;1809;1946;796;184;175;27;1014;2319;1292;235;249;2529;2554;1705;556;126;299;620;404;256;48;214;633;459;351;3249,58;143831;107;1,102;3,8;683;637;300;67;18;129;111;27;3;24;315;0;60;7
PODKARPACKIE;2011;119;2123645;12323;9242;607;5082;4724;1603;212;196;74;2781;5898;2837;333;275;7428;7282;2371;903;207;462;851;524;327;69;358;894;598;452;3023,21;375646;104;1,265;5,3;913;935;406;90;27;174;144;45;3;28;647;7;117;7
PODLASKIE;2011;59;1191034;6294;4293;257;2282;2604;921;168;131;51;1230;2961;1572;233;194;2490;2497;1883;381;161;358;663;425;276;56;288;689;487;363;3178,15;189714;105;1,227;4,8;743;712;348;64;16;209;218;55;2;50;505;6;112;1
POMORSKIE;2011;125;2288793;12351;7586;417;4122;4462;2165;465;508;56;2367;5055;3298;698;711;4527;4454;3958;720;205;662;1550;920;621;80;445;1499;1093;841;3567,49;346838;105;1,392;4,1;1555;1487;728;151;37;429;91;50;0;35;414;4;30;6
SLASKIE;2011;375;4624909;25495;15665;874;8305;9806;4452;965;1024;122;4709;11127;6570;1222;1423;5865;5726;8329;1121;538;1485;3269;1901;1136;178;1091;3292;2238;1530;3794,62;735007;107;1,265;6;3445;3332;1328;182;42;809;411;166;13;126;2667;28;124;9
SWIETOKRZYSKIE;2011;109;1276445;6881;4873;327;2569;2889;927;152;165;41;1352;3314;1663;195;248;3917;3810;1310;464;100;295;444;285;186;36;197;497;323;257;3137,91;217042;105;1,227;6;518;527;227;31;7;98;138;40;0;28;424;0;68;3
WARMINSKO-MAZURSKIE;2011;60;1450408;7643;4524;314;2646;3099;1321;257;267;41;1388;3381;2016;373;361;3264;3070;2887;776;205;502;1040;697;443;72;374;1074;757;610;3019,37;197384;104;1,305;4,7;1080;1080;558;119;50;396;354;43;0;64;706;5;114;8
WIELKOPOLSKIE;2011;116;3459874;19274;13065;633;6476;7753;3256;590;537;102;3601;8709;5079;787;768;8650;8583;5353;1561;332;955;2197;1113;756;117;672;2214;1349;1001;3284,41;610797;106;1,376;3,7;2130;1979;1017;179;48;561;423;93;4;99;1838;13;117;20
ZACHODNIOPOMORSKIE;2011;75;1716936;8612;4607;217;2283;3384;1831;432;508;26;1114;3369;2722;576;681;2785;2728;3657;693;195;558;1381;865;658;69;371;1325;1012;880;3289,56;244416;105;1,215;6,1;1640;1328;570;92;27;410;240;81;4;71;1110;12;130;14
DOLNOSLASKIE;2012;146;2912218;15084;7773;358;3961;5869;3228;725;754;47;2005;6055;4711;967;1024;4659;4667;5792;1085;284;934;2321;1288;965;101;623;2274;1514;1280;3709,32;473715;108;1,201;6,3;2492;2182;929;151;38;405;271;80;18;72;1168;11;99;22
KUJAWSKO-POMORSKIE;2012;117;2102647;11207;6746;334;3699;4222;2049;464;414;35;1945;4913;3035;619;532;4670;4662;3916;1044;210;672;1533;911;590;66;465;1495;1105;785;3182,31;314671;106;1,294;4,8;1564;1452;720;128;52;370;142;48;1;38;357;6;23;3
LUBELSKIE;2012;86;2160532;11772;8453;503;4211;4719;1844;280;264;95;2356;5479;2929;412;357;6559;6426;3098;1117;197;612;1219;628;442;74;435;1274;742;573;3382,66;386495;106;1,299;4,3;1244;1229;504;87;34;114;67;18;1;20;418;3;26;3
LUBUSKIE;2012;73;1021119;5435;2881;119;1517;2254;1176;250;251;18;725;2184;1746;359;320;2092;2002;2006;451;97;310;781;454;364;26;212;759;539;470;3203,18;151375;105;1,307;6;830;737;344;64;31;241;152;52;4;50;637;13;92;9
LODZKIE;2012;139;2532434;12616;8224;318;3959;5284;2202;468;461;50;2045;5727;3433;586;643;4876;4751;4512;871;257;708;1830;1000;717;80;534;1754;1211;933;3383,3;444230;110;1,29;4,2;1883;1730;761;115;23;307;251;78;17;107;1014;8;77;10
MALOPOLSKIE;2012;221;3355397;18197;13405;677;6887;6779;2805;465;396;93;3756;8227;4606;733;583;9881;9857;4817;1498;292;828;1883;1082;732;87;592;1903;1275;960;3456,16;602876;106;1,316;3,8;2018;1833;786;151;29;457;344;77;9;98;1779;15;129;7
MAZOWIECKIE;2012;149;5298212;26929;17765;808;8164;10536;5027;839;971;133;4283;11872;7499;1330;1408;10521;10431;8757;1793;422;1418;3583;1934;1400;140;1014;3474;2274;1855;4637,58;1106834;109;1,37;4,3;3960;3114;1425;211;47;682;397;104;18;120;3280;21;166;45
OPOLSKIE;2012;107;1007070;5351;3256;187;1785;2050;830;183;185;20;970;2334;1388;283;279;2566;2584;1656;531;102;304;582;397;271;38;190;616;459;353;3358,42;143794;107;1,146;6,2;704;598;281;57;16;161;127;36;2;36;414;2;66;13
PODKARPACKIE;2012;119;2123645;11859;8940;499;4886;4484;1644;244;196;68;2638;5475;2895;363;308;7155;7050;2228;893;154;433;849;495;297;55;311;868;579;415;3152,36;376100;104;1,266;5,1;870;853;393;83;29;173;112;45;4;23;588;6;80;10
PODLASKIE;2012;59;1191034;6398;4438;244;2285;2667;985;152;157;38;1238;2965;1661;232;203;2586;2639;1756;364;121;353;599;406;277;46;255;630;453;372;3310,71;188677;105;1,231;4,1;688;686;304;60;18;144;133;40;3;44;459;3;88;4
POMORSKIE;2012;125;2288793;12072;7193;333;3869;4494;2271;500;502;34;2287;4890;3268;717;709;4551;4463;3098;651;174;458;1225;734;507;52;314;1184;892;656;3696,89;350738;105;1,398;4,4;1275;1118;560;106;39;364;112;74;1;89;447;4;40;15
SLASKIE;2012;374;4612576;24925;15118;779;7893;9672;4504;1020;1017;108;4417;10673;6734;1340;1381;5848;5813;8493;1296;527;1488;3348;1923;1207;170;1079;3329;2261;1654;3855,26;739231;107;1,274;4,8;3550;3316;1374;214;39;905;621;141;5;123;2443;17;121;9
SWIETOKRZYSKIE;2012;109;1276445;6820;4843;272;2444;2658;1056;149;149;34;1255;3191;1816;222;218;3872;3842;1991;619;126;366;761;516;222;37;272;761;600;321;3250,94;216489;105;1,232;3,6;845;814;289;37;6;127;119;15;5;52;495;4;25;12
WARMINSKO-MAZURSKIE;2012;60;1450408;7523;4275;226;2511;3080;1356;287;268;30;1245;3360;2041;385;381;3242;3110;2779;666;201;486;1029;649;414;62;373;1021;771;552;3150,27;196833;104;1,281;4,1;1037;1067;531;101;43;355;279;49;0;48;707;5;80;3
WIELKOPOLSKIE;2012;116;3459874;19103;12696;506;6324;7606;3405;616;526;77;3417;8583;5174;886;738;8797;8740;5696;1766;366;1098;2257;1217;758;136;791;2265;1483;1021;3397,25;619903;106;1,376;4,5;2185;2174;1081;197;59;602;398;89;10;120;1901;16;125;22
ZACHODNIOPOMORSKIE;2012;75;1716936;8559;4391;179;2246;3315;1901;465;474;26;1088;3268;2752;629;647;2906;2744;3293;691;160;489;1251;785;608;43;323;1217;892;818;3417,76;243985;105;1,228;5,2;1422;1205;525;101;40;298;175;41;0;52;681;5;68;7
DOLNOSLASKIE;2013;146;2912218;12895;6674;265;3153;4802;3151;690;755;35;1586;4788;4326;931;986;4011;3990;5939;1137;268;948;2406;1310;1007;98;620;2342;1572;1307;3868,86;484638;108;1,153;5,1;2612;2175;980;133;39;429;243;57;26;71;1166;9;100;23
KUJAWSKO-POMORSKIE;2013;116;2084675;9814;5927;284;3033;3699;1918;432;436;33;1657;3970;2846;595;585;4131;4116;4201;1157;227;712;1688;959;615;73;468;1650;1184;826;3322,09;318437;106;1,253;4,4;1626;1593;809;125;48;356;162;49;3;30;537;12;42;1
LUBELSKIE;2013;86;2160532;10367;7419;391;3497;4153;1818;279;264;63;1984;4634;2809;416;336;5799;5647;4130;1437;264;765;1581;907;613;100;534;1592;1092;812;3488,61;392436;106;1,222;4,6;1730;1547;683;142;28;247;228;44;4;66;814;20;71;10
LUBUSKIE;2013;73;1021119;4742;2529;88;1193;1833;1160;290;245;8;578;1757;1635;346;334;1803;1726;1960;487;89;319;742;476;334;20;211;739;533;457;3282,07;153936;105;1,246;5,6;841;707;347;51;14;286;148;52;8;47;674;35;72;12
LODZKIE;2013;138;2514215;10916;6977;238;3141;4452;2222;481;483;48;1572;4647;3245;613;652;4267;4201;4417;871;191;689;1813;1001;723;58;489;1768;1171;931;3510,2;447355;110;1,232;4,7;1839;1692;747;112;27;375;278;84;27;143;1475;10;82;21
MALOPOLSKIE;2013;221;3355397;16614;11947;541;5942;6199;2792;465;431;90;3227;7256;4496;740;595;9054;8982;3989;1325;216;728;1510;951;584;67;497;1549;1099;777;3574,22;616201;106;1,29;3,8;1645;1467;739;103;35;356;262;74;10;72;1327;5;113;13
MAZOWIECKIE;2013;150;5333771;24144;15797;603;6674;9122;5034;929;1064;86;3555;10069;7191;1366;1480;9348;9196;9110;1911;352;1404;3816;2077;1461;110;904;3706;2460;1930;4773,41;1118435;109;1,333;3,9;4062;3304;1475;219;50;576;317;121;14;131;3251;35;128;73
OPOLSKIE;2013;107;1007070;4740;2819;142;1542;1765;792;190;173;27;786;1993;1349;256;262;2292;2303;1630;530;97;277;596;396;264;29;195;603;448;355;3473,4;146228;107;1,074;4,3;687;585;282;64;12;161;115;53;6;42;467;3;72;22
PODKARPACKIE;2013;119;2123645;10657;7894;391;4127;4319;1632;242;182;54;2152;4977;2726;360;268;6563;6317;2332;937;154;421;878;547;332;43;308;878;628;475;3282,69;381967;104;1,23;4,5;937;874;428;77;16;137;101;53;2;13;717;2;95;10
PODLASKIE;2013;59;1191034;5665;3932;166;1878;2472;931;151;143;26;986;2589;1556;254;210;2220;2235;1997;427;139;368;738;421;331;50;265;754;490;438;3432,71;191202;105;1,178;4,6;807;745;362;65;18;148;119;26;1;34;444;4;52;15
POMORSKIE;2013;125;2288793;10724;6483;304;3315;3797;2163;526;459;31;1774;4181;3205;680;669;4135;3953;3955;891;220;701;1537;881;616;64;457;1575;1037;822;3847,12;360283;105;1,344;4,3;1704;1405;674;136;36;446;113;102;5;66;931;13;77;5
SLASKIE;2013;373;4600243;22225;13319;638;6659;8364;4444;1017;1011;98;3540;9343;6264;1364;1363;5122;5124;8602;1239;444;1480;3404;2005;1269;146;1015;3462;2321;1658;4022,8;745008;107;1,247;5,1;3640;3251;1431;233;47;869;475;132;8;134;2478;20;133;15
SWIETOKRZYSKIE;2013;108;1264734;5844;4027;231;2059;2351;988;161;138;21;1002;2756;1551;231;195;3474;3254;1383;515;89;255;507;324;208;22;179;538;355;289;3349,81;219271;105;1,161;4,9;570;547;224;35;7;48;34;7;2;8;223;1;18;2
WARMINSKO-MAZURSKIE;2013;60;1450408;6556;3825;200;2068;2567;1302;314;276;20;1023;2668;1993;385;365;2983;2805;2789;786;157;472;1082;619;459;61;312;1071;730;615;3264,63;200246;104;1,235;5,9;1050;1025;560;108;46;229;187;44;0;31;543;1;34;2
WIELKOPOLSKIE;2013;116;3459874;16763;11097;403;5388;6461;3193;681;526;53;2827;7223;4814;845;767;7795;7697;5744;1774;316;1007;2277;1358;786;97;705;2274;1554;1114;3515,31;630443;106;1,341;4,5;2222;2122;1136;212;52;584;519;126;20;154;1995;14;128;25
ZACHODNIOPOMORSKIE;2013;75;1716936;7730;3926;148;1857;2845;1872;463;517;19;865;2841;2551;621;704;2538;2463;3293;705;134;518;1255;793;593;39;337;1213;909;795;3539,12;247828;105;1,203;5;1430;1177;569;88;29;299;188;56;1;58;719;10;79;9
DOLNOSLASKIE;2014;146;2912218;13599;6836;238;3147;5128;3358;808;782;28;1564;4906;4674;1094;1057;4245;4193;5786;1164;230;866;2308;1374;1008;62;545;2267;1594;1318;4042,86;498583;108;1,225;4,6;2571;2047;998;136;34;394;207;52;24;70;1408;2;100;21
KUJAWSKO-POMORSKIE;2014;116;2084675;10294;6165;270;3064;3862;2034;491;438;28;1629;4135;3112;612;645;4413;4355;4303;1266;210;689;1713;1062;629;51;490;1656;1242;864;3439,06;325622;106;1,285;4,6;1722;1573;826;135;47;258;159;37;2;20;639;4;58;6
LUBELSKIE;2014;85;2135409;10911;7651;346;3618;4515;2026;303;247;48;1857;4960;3095;445;367;6167;6022;3175;1176;146;566;1264;722;477;50;358;1299;844;624;3605,03;397005;106;1,245;4,2;1334;1174;536;103;28;146;157;28;2;42;456;5;51;19
LUBUSKIE;2014;73;1021119;4875;2480;73;1169;1865;1216;295;272;7;554;1809;1666;400;362;1826;1801;2116;577;81;298;859;510;368;15;195;827;605;474;3425,38;158267;105;1,267;3,8;871;773;393;65;14;248;158;65;12;36;731;30;93;16
LODZKIE;2014;137;2495996;11405;7312;254;3099;4659;2486;522;495;37;1535;4801;3559;668;651;4507;4332;4396;1046;202;683;1810;1066;635;63;449;1782;1247;855;3618,63;456268;110;1,268;4,4;1750;1677;834;114;21;340;277;74;27;106;1118;10;87;26
MALOPOLSKIE;2014;222;3370579;17361;12508;438;5884;6672;3176;532;398;72;3089;7649;4905;803;606;9441;9284;4404;1469;212;715;1778;1054;645;66;481;1757;1228;872;3700,06;633095;106;1,3;3,2;1884;1609;748;130;33;428;281;76;6;76;1454;6;89;8
MAZOWIECKIE;2014;150;5333771;24924;16244;519;6811;9626;5450;1011;995;97;3495;10240;7811;1453;1463;9742;9511;9761;2085;346;1467;4099;2301;1548;110;945;3936;2703;2067;4927,34;1150815;109;1,382;3,7;4316;3469;1677;245;54;596;340;136;38;134;3255;23;118;121
OPOLSKIE;2014;106;997658;4822;2823;112;1514;1842;933;198;197;8;773;2017;1399;295;274;2324;2384;1676;543;80;270;644;392;290;26;158;663;458;371;3632,84;148814;107;1,139;4,7;696;640;285;47;8;153;104;31;3;47;460;3;54;36
PODKARPACKIE;2014;119;2123645;11287;8399;298;4209;4626;1858;246;187;44;2152;5207;3072;394;291;6958;6653;2322;906;134;419;893;543;333;47;269;951;622;433;3412,3;388046;104;1,212;5;928;833;463;81;17;166;126;60;1;20;754;4;95;13
PODLASKIE;2014;59;1191034;6135;4236;146;1952;2668;1045;179;176;23;975;2758;1807;276;240;2452;2430;1905;439;116;329;696;434;330;31;232;715;490;437;3530,17;195396;105;1,235;4,5;791;681;347;70;16;142;110;21;1;26;487;1;60;10
POMORSKIE;2014;126;2307103;11461;6763;268;3409;4167;2337;587;504;34;1864;4328;3571;758;710;4468;4277;3211;719;139;462;1291;788;531;39;326;1255;895;696;4011,59;370527;105;1,396;3,3;1529;1056;527;73;26;276;130;50;5;93;1489;5;49;4
SLASKIE;2014;372;4587909;22765;13181;495;6673;8646;4595;1174;1084;74;3509;9271;6757;1454;1450;5430;5305;8230;1224;399;1320;3353;1950;1208;139;899;3320;2283;1589;4100,51;754798;107;1,264;4,9;3465;3183;1321;199;62;761;484;206;5;140;2870;18;145;12
SWIETOKRZYSKIE;2014;108;1264734;6051;4286;155;2061;2576;1058;162;173;23;958;2722;1785;254;243;3629;3513;1913;729;104;292;798;429;290;26;212;767;512;396;3435,93;221838;105;1,181;3,1;798;725;321;56;13;5;2;2;0;2;26;1;1;1
WARMINSKO-MAZURSKIE;2014;60;1450408;6978;4000;190;2084;2790;1478;312;292;20;1030;2837;2183;434;389;3109;2990;2690;790;112;428;1064;663;423;32;267;1030;776;585;3386,96;204374;104;1,283;4,8;1009;987;550;112;32;304;219;61;2;37;720;5;49;11
WIELKOPOLSKIE;2014;116;3459874;17437;11365;374;5384;6817;3533;702;622;52;2804;7257;5274;968;845;8292;8097;5892;1832;268;966;2433;1453;772;84;649;2372;1711;1076;3597,69;652039;106;1,374;4,3;2241;2206;1223;176;46;560;364;124;22;138;1951;12;141;43
ZACHODNIOPOMORSKIE;2014;75;1716936;8183;3976;143;1900;2951;2005;524;517;23;889;2842;2916;677;691;2652;2639;3342;667;114;446;1318;819;645;31;254;1242;961;854;3649,27;251951;105;1,228;5,3;1463;1212;581;60;26;291;176;43;2;70;973;10;76;5
DOLNOSLASKIE;2015;146;2912218;13172;6403;204;2918;4929;3362;812;723;22;1387;4778;4692;1077;1021;4288;4120;5514;1141;171;767;2258;1392;926;45;470;2164;1601;1234;4204,24;510083;108;1,206;3,8;2488;1907;949;132;38;319;179;48;18;68;1823;10;83;20
KUJAWSKO-POMORSKIE;2015;116;2084675;10354;6133;209;2968;3907;2209;561;476;25;1496;4037;3308;713;665;4363;4309;4097;1259;172;628;1649;1044;604;63;393;1611;1190;840;3540,25;332381;106;1,249;4,1;1629;1511;789;123;45;208;113;22;1;17;472;2;39;2
LUBELSKIE;2015;85;2135409;10749;7382;311;3420;4545;1996;365;285;41;1791;4702;3174;540;398;6121;5862;3432;1339;173;527;1406;833;493;48;340;1414;969;661;3699,48;400829;106;1,257;3,8;1385;1303;608;106;30;196;227;71;4;53;714;6;60;6
LUBUSKIE;2015;73;1021119;5040;2531;73;1131;1914;1343;301;281;7;554;1779;1841;401;392;1810;1750;2087;526;60;300;825;530;372;13;165;779;623;507;3567,6;159708;105;1,253;4,1;930;692;383;62;20;256;171;69;1;48;626;44;80;72
LODZKIE;2015;137;2495996;11456;7258;216;3045;4661;2472;563;503;31;1524;4699;3745;715;651;4497;4419;3806;922;130;541;1607;943;585;45;337;1553;1098;773;3790,76;460713;110;1,26;4,8;1607;1422;650;99;28;253;214;47;4;73;865;10;72;29
MALOPOLSKIE;2015;222;3370579;17457;12608;427;5822;6891;3193;573;414;63;2905;7768;5088;826;649;9469;9243;4780;1548;193;772;1890;1191;734;62;475;1878;1401;964;3906,96;645870;106;1,32;2,8;2037;1742;839;130;32;433;274;76;0;62;1364;15;125;28
MAZOWIECKIE;2015;150;5333771;25808;16786;449;6471;10149;5999;1192;1069;79;3235;10557;8509;1608;1528;9940;9657;9859;2198;255;1337;4287;2471;1509;79;816;4023;2934;2007;5098,55;1176248;109;1,409;3,8;4265;3527;1748;259;60;510;329;107;25;87;2875;28;114;132
OPOLSKIE;2015;106;997658;4920;2953;92;1445;1906;990;205;215;8;727;1993;1501;315;308;2368;2448;1678;585;85;260;639;417;277;29;160;644;490;355;3793,28;150020;107;1,124;4,1;683;628;305;47;15;113;68;29;3;16;514;5;30;9
PODKARPACKIE;2015;119;2123645;10852;7944;257;3975;4493;1870;311;198;37;1947;4997;3054;431;304;6758;6404;2646;1089;146;451;1051;613;385;38;272;1107;716;513;3527,62;390642;104;1,199;4,1;1051;954;507;107;27;208;128;100;3;26;936;5;81;9
PODLASKIE;2015;59;1191034;6061;4299;148;1828;2732;1154;186;155;21;977;2697;1835;277;211;2475;2409;1975;438;110;322;758;466;319;47;208;736;546;438;3647,08;196957;105;1,226;4,5;785;690;405;80;15;143;147;35;2;24;493;3;80;16
POMORSKIE;2015;126;2307103;11858;6873;235;3327;4332;2636;704;599;24;1780;4468;3711;906;846;4546;4424;4719;1091;193;660;1879;1215;772;45;419;1840;1386;1029;4132,13;380995;105;1,412;3,7;2053;1650;843;139;34;404;213;57;2;65;1864;21;86;19
SLASKIE;2015;371;4575576;22338;12774;415;6113;8479;4935;1234;1070;68;3142;8972;6949;1534;1480;5275;4994;8249;1296;365;1239;3466;1968;1211;102;817;3337;2405;1588;4221,45;767699;107;1,258;4,7;3446;3162;1420;183;38;782;530;218;4;125;3065;19;132;28
SWIETOKRZYSKIE;2015;107;1253024;5892;4050;152;1882;2516;1032;174;167;17;902;2669;1750;258;239;3476;3412;1777;699;78;275;735;429;260;17;155;710;530;365;3580,62;224443;105;1,181;3,8;704;712;299;46;16;8;7;1;0;0;28;0;2;0
WARMINSKO-MAZURSKIE;2015;60;1450408;6903;4015;156;1992;2680;1449;349;273;16;981;2766;2207;475;390;2972;2885;2749;859;112;422;1105;677;433;29;265;1055;809;591;3495,02;207157;104;1,228;4;996;1070;533;118;32;330;282;50;6;40;688;4;87;9
WIELKOPOLSKIE;2015;117;3489701;17633;11363;302;5016;7064;3860;754;599;47;2630;7360;5550;1057;825;8216;8102;5877;1935;219;953;2480;1433;792;70;602;2440;1666;1099;3723,69;668526;106;1,384;4,5;2262;2160;1225;182;48;629;446;84;13;114;2075;11;147;33
ZACHODNIOPOMORSKIE;2015;75;1716936;8339;4087;143;1847;2994;2162;604;572;17;823;2900;2961;764;767;2702;2582;3238;662;97;420;1270;833;618;25;236;1174;967;836;3793,68;255532;106;1,218;3,6;1412;1177;545;82;22;285;160;43;1;52;946;4;91;17
DOLNOSLASKIE;2016;146;2912218;13872;7108;191;2900;5146;3690;998;848;32;1352;4788;5042;1295;1176;4369;4368;5077;1098;131;622;2115;1369;840;35;348;1979;1583;1132;4385,84;523848;108;1,286;3,8;2209;1809;892;125;42;328;162;40;22;71;894;9;62;27
KUJAWSKO-POMORSKIE;2016;116;2084675;10395;6256;191;2837;3973;2279;574;473;26;1394;4056;3371;765;670;4314;4334;3743;1199;114;491;1601;946;591;34;300;1457;1172;780;3672,98;338684;106;1,318;4,4;1530;1268;765;140;40;222;122;38;0;15;558;3;43;3
LUBELSKIE;2016;85;2135409;10654;7474;231;3216;4479;2179;387;303;37;1610;4672;3320;534;413;6047;5786;3129;1231;113;453;1299;795;469;38;242;1300;905;644;3815,95;405618;106;1,271;3,5;1205;1160;623;105;36;171;154;54;2;29;487;7;51;5
LUBUSKIE;2016;73;1021119;5060;2646;59;1061;1910;1342;362;274;8;504;1769;1880;485;371;1798;1746;1885;500;59;271;781;451;323;15;146;735;555;434;3734,9;162979;105;1,326;5,9;800;645;369;61;10;180;109;36;0;30;530;76;71;56
LODZKIE;2016;136;2477777;11712;7441;132;2843;4843;2656;663;555;20;1361;4782;3914;808;747;4543;4487;4086;932;127;517;1735;1118;589;44;326;1617;1310;789;3925,1;470934;110;1,324;3,8;1649;1543;765;105;24;203;167;48;4;67;963;16;49;14
MALOPOLSKIE;2016;223;3385762;18001;12884;345;5613;7201;3523;685;486;54;2851;7731;5510;991;726;9756;9432;4641;1589;166;680;1920;1148;727;54;397;1892;1367;931;4077,91;666221;106;1,397;3,4;1872;1709;896;138;26;400;285;61;0;61;1555;11;125;13
MAZOWIECKIE;2016;151;5369329;26696;17431;367;6334;10681;6669;1328;1124;66;3099;10716;9200;1861;1585;9997;9789;8569;1904;237;1133;3720;2203;1276;68;669;3483;2599;1750;5240,86;1230368;109;1,482;3,3;3650;3055;1580;230;54;408;279;85;4;58;2801;19;49;32
OPOLSKIE;2016;106;997658;4828;2868;98;1350;1878;963;260;235;23;620;1968;1483;362;313;2358;2351;1435;501;67;206;565;377;220;25;134;545;427;304;3927,04;152111;107;1,201;4,6;603;503;275;44;10;50;37;15;1;10;180;2;23;3
PODKARPACKIE;2016;119;2123645;11114;8236;229;3885;4708;1992;336;203;42;1797;5146;3240;476;315;7062;6635;2506;1045;131;384;969;635;387;30;236;989;739;512;3653,67;400558;104;1,254;4,5;997;907;485;98;19;153;105;55;1;21;778;2;70;10
PODLASKIE;2016;59;1191034;6279;4487;118;1762;2791;1235;229;161;19;874;2879;1919;337;219;2422;2425;1815;431;78;272;678;507;280;23;170;688;565;369;3767,2;200371;105;1,303;3,3;678;638;399;77;23;88;114;25;2;19;279;0;38;13
POMORSKIE;2016;126;2307103;12401;7417;201;3204;4639;2874;786;595;21;1683;4634;4054;1025;851;4632;4470;3851;897;96;505;1582;1047;621;24;296;1477;1200;854;4274,73;396520;105;1,506;3,6;1597;1319;784;114;37;346;173;91;22;78;1304;38;59;32
SLASKIE;2016;370;4563243;22970;13576;353;5813;8896;5179;1439;1210;53;2953;8929;7446;1775;1656;5458;5292;8185;1210;269;1221;3439;2068;1188;81;746;3313;2427;1618;4295,29;785011;107;1,323;4,4;3423;3103;1450;173;36;784;510;151;6;102;2854;18;128;17
SWIETOKRZYSKIE;2016;107;1253024;5995;4183;125;1754;2670;1090;213;179;17;786;2728;1888;309;234;3547;3460;1799;707;61;259;722;461;296;15;159;675;536;414;3669,57;229162;105;1,203;4,2;720;692;334;40;13;1;6;1;0;2;21;0;0;0
WARMINSKO-MAZURSKIE;2016;59;1426235;6693;3860;133;1775;2596;1543;421;320;14;860;2562;2246;495;427;2937;2856;2661;777;99;391;1079;672;420;35;238;1011;810;567;3619,16;211147;104;1,284;5;1004;949;557;121;30;301;188;48;3;46;707;7;87;7
WIELKOPOLSKIE;2016;117;3489701;18529;11957;276;5038;7412;4161;976;639;43;2562;7571;6043;1237;950;8511;8390;6082;1980;197;885;2591;1587;822;52;546;2491;1851;1142;3894,1;690889;106;1,466;4,1;2367;2215;1252;207;41;556;333;83;7;94;2527;15;100;41
ZACHODNIOPOMORSKIE;2016;75;1716936;8256;4060;108;1663;2878;2276;710;554;13;735;2675;3055;902;775;2644;2548;3130;689;78;383;1224;885;560;18;219;1128;961;804;3946,28;261796;106;1,296;4,9;1401;1073;554;90;12;267;208;31;1;55;694;6;90;10
DOLNOSLASKIE;2017;146;2912218;13919;7117;123;2680;5201;3839;1122;856;17;1150;4782;5204;1401;1187;4305;4227;5946;1220;148;698;2478;1633;989;42;397;2286;1874;1347;4654,51;536409;108;1,361;4,3;2617;2087;1064;147;31;229;118;37;14;46;662;5;74;26
KUJAWSKO-POMORSKIE;2017;116;2084675;10193;5988;148;2581;3968;2379;689;531;24;1213;3854;3432;880;703;4301;4213;3877;1247;120;474;1577;1117;589;31;265;1513;1264;804;3886,2;343516;106;1,411;5,1;1574;1375;788;114;26;178;102;24;0;18;775;4;36;1
LUBELSKIE;2017;85;2135409;10568;7533;173;2966;4702;2152;454;299;26;1446;4622;3437;540;437;5921;5751;3347;1300;116;473;1377;869;512;28;292;1274;1050;703;4020,25;409514;106;1,372;4,6;1330;1203;682;105;27;143;125;38;6;19;781;9;54;3
LUBUSKIE;2017;73;1021119;4953;2501;50;933;1849;1368;407;295;13;421;1651;1883;511;412;1686;1716;1843;511;45;189;773;525;311;15;99;693;613;423;3950,95;164765;105;1,43;4,7;774;625;364;59;21;204;119;31;2;25;491;17;50;21
LODZKIE;2017;136;2477777;11542;7193;139;2631;4841;2687;708;578;34;1189;4673;3907;847;811;4480;4365;4420;1124;132;479;1834;1285;690;43;282;1712;1447;936;4141,94;481368;110;1,409;4,6;1817;1655;816;116;16;224;143;48;1;48;780;7;51;12
MALOPOLSKIE;2017;223;3385762;18305;13114;322;5365;7479;3778;747;489;39;2581;7997;5826;1041;726;9801;9523;4330;1522;135;639;1780;1165;611;43;372;1748;1298;869;4347,1;684332;106;1,486;3,7;1771;1558;827;142;32;351;236;73;6;58;1314;10;86;19
MAZOWIECKIE;2017;151;5369329;27142;17150;300;5925;10746;6978;1515;1169;67;2816;10585;9765;2036;1691;9843;9751;9040;1912;198;1013;3840;2658;1331;61;578;3456;3044;1901;5523,65;1266634;109;1,57;3,4;3868;3209;1676;236;51;384;194;63;6;64;2753;9;69;48
OPOLSKIE;2017;105;988246;4760;2883;82;1235;1887;959;294;211;11;571;1957;1492;376;310;2293;2322;1592;567;65;198;628;449;252;20;122;603;505;342;4144,91;153821;107;1,288;3,4;649;572;298;62;11;84;31;6;1;9;180;3;25;11
PODKARPACKIE;2017;119;2123645;10988;8142;205;3472;4979;2048;374;212;33;1579;5139;3318;500;329;6943;6616;2467;1077;107;348;944;714;354;25;221;915;802;504;3837,17;408742;104;1,372;3,3;1007;845;504;96;15;127;91;42;2;18;557;1;68;2
PODLASKIE;2017;59;1191034;5912;4189;99;1648;2623;1305;234;190;17;787;2648;1840;327;258;2413;2358;1812;399;66;260;724;464;298;37;152;674;521;428;4005,94;204074;105;1,401;4,7;725;617;398;53;19;75;58;3;1;7;175;0;19;6
POMORSKIE;2017;127;2325413;12594;7422;185;3026;4744;2957;860;650;27;1572;4707;4178;1036;948;4701;4627;3734;930;103;475;1573;996;587;27;274;1459;1183;791;4496,64;417053;105;1,625;3,8;1558;1258;764;119;35;232;83;45;8;43;736;24;41;16
SLASKIE;2017;369;4550910;22449;13069;301;5385;8672;5248;1534;1163;42;2648;8658;7449;1795;1654;5392;5189;8014;1256;250;1039;3391;2166;1168;81;621;3139;2585;1588;4481,57;799247;107;1,424;4;3300;2974;1534;170;36;559;316;78;2;61;2551;11;58;8
SWIETOKRZYSKIE;2017;107;1253024;5866;4053;105;1664;2630;1127;261;172;8;737;2591;1886;346;265;3570;3419;1788;692;64;240;738;474;272;15;143;694;549;387;3911,49;230826;105;1,258;2,8;701;688;340;46;13;4;2;0;0;1;22;0;2;0
WARMINSKO-MAZURSKIE;2017;59;1426235;6834;3928;125;1651;2694;1597;475;295;17;739;2642;2319;590;464;2993;2861;2820;803;87;349;1130;778;476;26;211;1033;929;621;3802,98;214898;104;1,412;4,2;1082;946;660;102;30;278;181;30;1;36;640;6;67;5
WIELKOPOLSKIE;2017;117;3489701;18320;11761;228;4691;7459;4211;1063;652;24;2264;7575;5989;1399;963;8301;8188;5933;2084;179;723;2570;1626;835;52;433;2358;1904;1186;4124,13;707402;106;1,579;3,9;2304;2114;1287;192;36;433;244;66;2;53;2376;7;98;14
ZACHODNIOPOMORSKIE;2017;75;1716936;8231;3929;85;1495;2963;2241;773;612;20;679;2644;3030;893;858;2612;2640;3349;828;94;337;1352;940;626;28;192;1184;1086;859;4154,25;268803;106;1,372;4,5;1427;1199;621;78;24;184;95;9;0;14;571;0;51;6
